0,1,2,3,4
2020/02/10 17:00:00,EAST-APS-01U0,app_116_v1,4567,5000
2020/02/10 17:00:00,EAST-APS-01U0,app_116_v1,4567,5000
2020/02/10 17:00:00,EAST-APS-01U0,app_116_v1,4567,5000
2020/02/10 17:00:00,EAST-APS-01U0,app_api_v1,4567,5000
2020/02/10 17:00:00,EAST-APS-01U0,app_116_v1,4567,5000
2020/02/10 17:00:00,EAST-APS-01U0,app_116_v1,4567,5000
2020/02/10 17:00:00,EAST-APS-01U0,app_116_v1,4567,5000
2020/02/10 17:00:00,EAST-APS-01U0,app_116_v1,4567,5000
2020/02/10 17:00:00,EAST-APS-01U0,app_116_v1,4567,5000
2020/02/10 17:00:00,EAST-APS-01U0,app_116_v1,4567,5000
2020/02/10 17:00:00,EAST-APS-01U0,app_116_v1,4567,5000
2020/02/10 17:00:00,EAST-APS-01U0,app_116_v1,4567,5000
2020/02/10 17:00:00,EAST-APS-01U0,app_116_v1,4567,5000
2020/02/10 17:00:00,EAST-APS-01U0,app_prv_v1,4567,5000
2020/02/10 17:00:00,EAST-APS-01U0,app_116_v1,4567,5000
2020/02/10 17:00:00,EAST-APS-01U0,app_116_v1,4567,5000
2020/02/10 17:00:00,EAST-APS-01U0,app_116_v1,4567,5000
2020/02/10 17:00:00,EAST-APS-01U0,app_116_v1,4567,5000
2020/02/10 17:00:00,EAST-APS-01U0,app_116_v1,4567,5000
2020/02/10 17:00:00,EAST-APS-01U0,app_116_v1,4567,5000
2020/02/10 17:00:00,EAST-APS-01U0,app_116_v1,4567,5000
